id,first_name,last_name,email,country,ip_address
1,Wayne,Gutierrez,wgutierrez@kayveo.info,French Southern Territories,16.95.185.112
2,Paul,Hayes,phayes@tazz.org,Ascension Island,46.93.23.84
3,Lois,Robertson,lrobertson@flipstorm.biz,Puerto Rico,41.25.165.198
4,Barbara,Palmer,bpalmer@topicshots.net,American Samoa,204.93.118.34
5,Amanda,Ellis,aellis@vimbo.com,Macau,21.93.203.52
6,Ronald,Coleman,rcoleman@zoonoodle.gov,"Congo, Republic of",50.4.70.58
7,Ruth,Reid,rreid@photofeed.name,French Guiana,105.72.137.209
8,Helen,Thomas,hthomas@buzzster.org,Bouvet Island,152.177.1.64
9,Ashley,Collins,acollins@flipopia.biz,Jersey,33.174.5.68
10,Shirley,Morrison,smorrison@realbuzz.net,Belgium,153.140.136.106
11,Victor,Rivera,vrivera@ntag.mil,American Samoa,244.42.184.32
12,Stephen,Rodriguez,srodriguez@dazzlesphere.org,Åland,24.56.160.173
13,Norma,Cook,ncook@meejo.biz,Liechtenstein,176.231.199.24
14,Deborah,Schmidt,dschmidt@topicware.name,Niger,160.33.220.167
15,Willie,Robertson,wrobertson@aibox.com,South Africa,81.146.24.57
16,Victor,Reyes,vreyes@youopia.info,South Georgia and the South Sandwich Islands,122.181.188.191
17,Ronald,Murphy,rmurphy@latz.org,Norway,232.168.61.65
18,Maria,Marshall,mmarshall@devbug.gov,Åland,158.207.180.12
19,Albert,Fuller,afuller@cogilith.net,Cocos (Keeling) Island,123.196.15.17
20,Joan,Reed,jreed@fatz.org,Åland,128.122.251.168
21,Gregory,Lewis,glewis@blognation.name,Bangladesh,31.13.80.108
22,Willie,George,wgeorge@ntag.info,Bulgaria,115.234.130.143
23,Annie,Myers,amyers@thoughtblab.name,"Congo, Republic of",151.133.3.189
24,Irene,Hamilton,ihamilton@yabox.mil,Peru,117.42.142.230
25,Angela,Ford,aford@voonyx.info,Åland,182.199.230.128
26,Joseph,Diaz,jdiaz@rhynoodle.name,Bahamas,68.17.188.222
27,Denise,Coleman,dcoleman@trunyx.mil,Christmas Island,197.248.94.214
28,Ann,Bowman,abowman@dabshots.mil,Saint Martin,199.29.55.126
29,Ralph,Foster,rfoster@abata.org,Japan,184.102.169.237
30,Doris,Kelley,dkelley@jabbertype.mil,Antigua and Barbuda,33.67.214.97
31,Annie,Woods,awoods@jaxnation.info,Madagascar,42.210.82.49
32,Beverly,Dean,bdean@zooxo.com,Malaysia,198.163.84.50
33,Roger,Medina,rmedina@talane.mil,India,71.33.90.7
34,Lori,Walker,lwalker@kanoodle.name,Indonesia,246.157.125.220
35,Jose,Wright,jwright@tazz.net,Armenia,61.68.31.78
36,James,Gray,jgray@twitterwire.net,Latvia,187.33.63.85
37,Ruth,Wheeler,rwheeler@bluejam.name,Morocco,226.162.255.59
38,Clarence,Wilson,cwilson@livepath.org,Sweden,63.3.51.71
39,Aaron,Kelly,akelly@gigaclub.name,Micronesia,230.106.135.143
40,Lawrence,Martinez,lmartinez@quatz.info,Antarctica,10.105.0.255
41,Jerry,Brown,jbrown@shufflebeat.org,Switzerland,147.173.35.95
42,Joe,Perry,jperry@dynabox.com,Dominica,121.156.147.41
43,Stephanie,Harris,sharris@oozz.name,Albania,115.177.118.246
44,Martha,Bishop,mbishop@tagfeed.edu,China,32.17.40.188
45,Christina,Castillo,ccastillo@geba.name,Belgium,193.61.52.143
46,Earl,Jenkins,ejenkins@lazzy.net,Laos,83.182.227.121
47,Rebecca,Adams,radams@realcube.com,Niger,119.216.178.78
48,Mary,Palmer,mpalmer@jayo.mil,Chad,59.37.253.234
49,Fred,Franklin,ffranklin@shuffletag.gov,Cocos (Keeling) Island,230.149.126.82
50,Laura,Stanley,lstanley@jabbersphere.net,Benin,243.147.155.85
51,Teresa,Nguyen,tnguyen@kimia.org,Austria,228.41.147.224
52,Anthony,Rivera,arivera@kamba.biz,Svalbard and Jan Mayen Islands,176.99.244.235
53,Sandra,Young,syoung@eare.com,Macau,199.162.252.83
54,Douglas,Garrett,dgarrett@mudo.biz,Laos,46.185.243.238
55,Louis,Riley,lriley@jabbersphere.info,United Arab Emirates,22.133.110.160
56,Roy,Larson,rlarson@feedfire.gov,Denmark,211.84.86.203
57,Jane,Pierce,jpierce@zoomdog.name,Gibraltar,113.239.20.204
58,George,Hunter,ghunter@livetube.edu,Bahrain,132.234.218.205
59,Gregory,Phillips,gphillips@abatz.info,Algeria,148.183.177.135
60,Howard,Ford,hford@skyba.com,Slovenia,132.18.224.62
61,Patricia,Stone,pstone@twinte.edu,Mauritius,255.252.112.117
62,Sarah,Baker,sbaker@quinu.gov,Mali,204.224.152.115
63,Daniel,Lawrence,dlawrence@yozio.com,Montenegro,238.77.66.200
64,Shirley,Scott,sscott@eimbee.name,Pakistan,159.35.85.131
65,Tammy,Ross,tross@bluejam.net,France,39.5.166.161
66,Patricia,Jackson,pjackson@voonyx.info,Mali,109.4.76.165
67,Jacqueline,Burke,jburke@gabtune.mil,Oman,124.251.115.214
68,Kelly,Porter,kporter@zoovu.biz,Jamaica,204.69.21.207
69,Roy,Moore,rmoore@thoughtsphere.org,"Korea, North",67.172.162.224
70,Richard,Alexander,ralexander@jabbertype.gov,Seychelles,219.155.202.10
71,Paula,Peters,ppeters@buzzbean.info,American Samoa,124.84.34.205
72,Evelyn,Simmons,esimmons@jaxnation.net,Comoros,56.210.25.191
73,Shirley,Cruz,scruz@roodel.com,Croatia,36.92.163.162
74,Victor,Cruz,vcruz@skivee.com,Ethiopia,192.125.145.110
75,Andrew,Howell,ahowell@meezzy.gov,Mexico,114.80.56.69
76,Paula,Rodriguez,prodriguez@gigazoom.net,Guinea,150.214.127.106
77,Paula,Rodriguez,prodriguez@fanoodle.com,Latvia,56.191.145.185
78,Pamela,Wright,pwright@skiptube.org,"Palestinian Territory, Occupied",43.150.251.232
79,Donald,Evans,devans@demivee.com,Wallis and Futuna Islands,142.220.119.209
80,Donna,Jordan,djordan@voonder.biz,Tokelau,191.145.178.130
81,Joyce,Little,jlittle@trilia.org,Montenegro,11.168.242.205
82,Judy,Cruz,jcruz@cogibox.net,Timor-Leste,165.214.92.106
83,Sean,Foster,sfoster@katz.info,French Guiana,161.107.152.200
84,Jason,Collins,jcollins@rhynyx.biz,Togo,124.233.1.191
85,William,Rogers,wrogers@kwinu.biz,Mauritania,179.205.204.173
86,Shawn,Reed,sreed@shufflebeat.net,Germany,161.13.174.184
87,Ashley,Nguyen,anguyen@gigashots.net,Brunei Darussalam,106.197.19.159
88,William,Knight,wknight@aibox.mil,Antigua and Barbuda,225.51.254.220
89,Jesse,Payne,jpayne@fadeo.gov,Myanmar,4.95.193.193
90,Louis,Brooks,lbrooks@lajo.com,Singapore,165.146.193.118
91,Ralph,Johnston,rjohnston@minyx.com,Pitcairn Island,237.205.41.232
92,Roy,Daniels,rdaniels@midel.mil,Cayman Islands,119.211.32.46
93,Christopher,Robertson,crobertson@quatz.edu,Sudan,109.2.26.58
94,Gregory,Fernandez,gfernandez@gabvine.edu,Niger,63.26.196.91
95,Nancy,Kennedy,nkennedy@agivu.edu,"Congo, Democratic Republic of",199.188.133.94
96,Carolyn,Morrison,cmorrison@flashpoint.biz,Mozambique,164.64.38.208
97,Charles,Jordan,cjordan@innojam.info,Libya,9.197.53.30
98,Patrick,Rogers,progers@oodoo.net,Botswana,237.212.54.151
99,Johnny,Henderson,jhenderson@shufflester.mil,Bahamas,89.168.205.123
100,Janet,Alexander,jalexander@centizu.net,Paraguay,149.237.112.235
101,Kelly,Wagner,kwagner@yakijo.name,Poland,118.185.231.237
102,Doris,Barnes,dbarnes@dabfeed.mil,Nepal,199.24.56.90
103,Virginia,Rodriguez,vrodriguez@roombo.edu,American Samoa,251.66.160.76
104,Ernest,Day,eday@jaxspan.gov,Philippines,226.250.113.50
105,Ronald,Welch,rwelch@roomm.info,Tuvalu,56.175.224.138
106,Alan,Daniels,adaniels@wikizz.mil,United Kingdom,221.224.112.173
107,Timothy,Campbell,tcampbell@podcat.mil,Mexico,173.21.72.232
108,Mark,Price,mprice@skiptube.net,Pakistan,162.18.117.118
109,Earl,Mccoy,emccoy@thoughtsphere.biz,Egypt,187.236.48.50
110,Charles,Burns,cburns@zoombeat.name,Tokelau,63.83.4.231
111,Peter,Hunter,phunter@yodel.gov,Dominica,31.236.162.58
112,Lori,Hunt,lhunt@zoonder.mil,Antigua and Barbuda,65.82.208.89
113,Jack,Harper,jharper@demizz.net,Tunisia,175.115.26.6
114,Beverly,Kennedy,bkennedy@realpoint.name,Guinea,13.197.204.27
115,Ronald,Anderson,randerson@lazz.com,Mozambique,33.111.86.132
116,Joe,Phillips,jphillips@ainyx.net,Mexico,38.78.129.142
117,Henry,Wilson,hwilson@ntag.org,Rwanda,209.175.39.250
118,Karen,Roberts,kroberts@gabcube.gov,Cape Verde,155.205.12.96
119,Joseph,Mendoza,jmendoza@wikibox.org,Sao Tome and Principe,124.171.221.86
120,Ruby,Ray,rray@quinu.edu,Armenia,59.197.104.152
121,Deborah,Peters,dpeters@eidel.edu,Samoa,88.236.130.6
122,Kenneth,Fisher,kfisher@dynabox.edu,Paraguay,88.155.212.232
123,Alan,Foster,afoster@aibox.net,Puerto Rico,118.78.119.251
124,Julie,Wheeler,jwheeler@kwinu.org,Cayman Islands,14.251.119.70
125,Mildred,Hawkins,mhawkins@minyx.info,Turkmenistan,96.55.110.82
126,Jeremy,Chavez,jchavez@oyondu.mil,Tunisia,45.247.205.77
127,Nancy,Ortiz,nortiz@wikizz.mil,Trinidad and Tobago,243.126.15.220
128,Jesse,Foster,jfoster@browsebug.com,Niger,228.229.172.165
129,Betty,Carr,bcarr@cogidoo.org,Kiribati,105.4.151.225
130,Wayne,Thompson,wthompson@gigabox.com,Åland,246.80.11.141
131,Jeremy,Franklin,jfranklin@tambee.org,Kyrgyzstan,73.233.216.234
132,Juan,Dixon,jdixon@vitz.org,Isle of Man,149.239.32.240
133,Joshua,Stephens,jstephens@miboo.biz,Switzerland,107.8.210.4
134,Jonathan,Gray,jgray@oyope.com,Indonesia,37.6.102.212
135,Jason,Phillips,jphillips@mycat.name,Cuba,65.52.162.59
136,Thomas,Hansen,thansen@fivespan.org,Tajikistan,5.210.70.254
137,Debra,Banks,dbanks@photobean.info,Mexico,212.194.194.81
138,Robert,Cooper,rcooper@fliptune.org,Belgium,57.123.219.152
139,Julie,Gibson,jgibson@kaymbo.edu,Mongolia,63.81.248.12
140,Heather,Martin,hmartin@zoovu.edu,Timor-Leste,172.116.204.148
141,Andrea,Black,ablack@blogspan.gov,Ascension Island,164.174.132.239
142,Jeremy,Reed,jreed@jabberstorm.edu,Finland,236.187.59.98
143,Ruth,Watson,rwatson@janyx.com,Trinidad and Tobago,23.107.2.108
144,Samuel,Reyes,sreyes@jaxworks.org,Mayotte,134.5.250.0
145,Andrea,James,ajames@innoz.gov,Poland,103.151.145.34
146,Nicholas,Wagner,nwagner@cogilith.mil,Ukraine,219.174.170.23
147,Arthur,George,ageorge@voolia.org,Nauru,48.79.52.52
148,Chris,Flores,cflores@feedmix.info,Moldova,224.252.30.56
149,Louis,Moreno,lmoreno@lajo.info,Moldova,27.125.81.69
150,Sarah,Adams,sadams@cogibox.mil,Chad,120.204.122.18
151,Joe,Spencer,jspencer@photojam.gov,Canada,155.207.1.243
152,Thomas,Payne,tpayne@skyble.name,Bhutan,47.170.171.29
153,Alan,Moore,amoore@divavu.mil,Sri Lanka,144.216.157.0
154,Randy,Parker,rparker@quimm.com,Tajikistan,72.206.0.149
155,Deborah,Alexander,dalexander@fivebridge.info,Georgia,46.31.222.72
156,Kathryn,Lawson,klawson@katz.edu,Bosnia and Herzegovina,122.13.236.2
157,Fred,Clark,fclark@photobug.net,San Marino,29.182.125.107
158,Joan,Freeman,jfreeman@skibox.com,Nigeria,159.160.244.127
159,Paula,Peterson,ppeterson@buzzshare.info,Czech Republic,156.173.204.70
160,Christina,Baker,cbaker@feedmix.org,Chile,16.99.22.240
161,Patrick,Jacobs,pjacobs@ainyx.mil,Niue,88.31.214.27
162,Diana,Wallace,dwallace@yata.info,Svalbard and Jan Mayen Islands,194.110.31.120
163,Teresa,James,tjames@jabbersphere.net,Yemen,39.222.175.144
164,Brandon,Garrett,bgarrett@livefish.com,Vanuatu,21.39.214.175
165,Tina,Martin,tmartin@wordtune.biz,Mexico,60.15.59.211
166,Joan,Boyd,jboyd@trudoo.biz,Kiribati,254.23.26.113
167,Kevin,Gonzalez,kgonzalez@viva.org,Slovakia,3.163.249.106
168,David,Walker,dwalker@photobug.edu,Croatia,147.32.146.132
169,Kevin,Richardson,krichardson@cogilith.net,Cyprus,177.215.162.28
170,Kathryn,Snyder,ksnyder@jatri.mil,French Southern Territories,95.166.17.244
171,Doris,Tucker,dtucker@devcast.name,Heard and McDonald Islands,0.49.137.34
172,Norma,Rivera,nrivera@trupe.name,Bhutan,137.59.29.38
173,Willie,Warren,wwarren@vinder.net,Yugoslavia,184.233.84.124
174,Emily,Fields,efields@kare.mil,Macau,54.55.129.138
175,Stephanie,Larson,slarson@kazio.com,Algeria,209.137.68.186
176,Joan,Dixon,jdixon@twiyo.name,Belarus,214.205.229.208
177,Jason,Brown,jbrown@dazzlesphere.name,Northern Mariana Islands,206.68.244.60
178,Kathy,Duncan,kduncan@dabshots.com,Somalia,211.221.44.225
179,Willie,Lawrence,wlawrence@skidoo.gov,Madagascar,99.121.99.221
180,Billy,George,bgeorge@podcat.mil,Somalia,54.117.79.29
181,Arthur,Franklin,afranklin@zoovu.com,Malta,122.136.53.72
182,Victor,Walker,vwalker@browsezoom.biz,Guinea,87.11.197.126
183,Deborah,Oliver,doliver@linktype.info,Nauru,214.209.86.207
184,Kenneth,Mcdonald,kmcdonald@skidoo.biz,"Congo, Democratic Republic of",215.78.153.212
185,Janice,Ramirez,jramirez@blogtags.org,Hungary,163.94.71.235
186,Lori,Cooper,lcooper@feedfire.net,Belarus,178.129.129.107
187,Steve,Banks,sbanks@rhynyx.mil,"Congo, Republic of",199.10.156.17
188,Patricia,Matthews,pmatthews@livez.org,Vatican City State (Holy See),124.146.60.20
189,Dennis,George,dgeorge@tagopia.info,"Korea, South",209.226.207.172
190,Peter,Wood,pwood@linktype.com,Armenia,182.128.244.17
191,Ruth,Fisher,rfisher@photofeed.mil,Philippines,163.134.137.11
192,Gloria,Ferguson,gferguson@latz.mil,Italy,186.197.144.66
193,Beverly,Fowler,bfowler@skaboo.gov,Cameroon,193.212.120.42
194,Fred,Hawkins,fhawkins@skinte.com,Nigeria,226.177.138.3
195,Shawn,Johnston,sjohnston@twitternation.com,Mayotte,63.196.74.31
196,Norma,West,nwest@voolith.mil,USSR,9.111.174.252
197,Philip,Hayes,phayes@quinu.info,San Marino,169.150.238.67
198,Joshua,Long,jlong@eamia.org,Suriname,140.229.118.212
199,Michael,Hall,mhall@twitterbeat.com,Guam,195.26.98.179
200,Lawrence,Lane,llane@leenti.mil,Thailand,41.187.82.106
201,Lisa,Hanson,lhanson@rhycero.net,Venezuela,248.190.121.68
202,Stephen,Welch,swelch@mynte.biz,Pitcairn Island,52.58.18.112
203,Gary,Freeman,gfreeman@blogxs.biz,Central African Republic,80.126.150.248
204,Martha,Jones,mjones@thoughtbridge.edu,Kenya,111.6.31.224
205,Maria,Scott,mscott@twitterbeat.name,Azerbaijan,141.53.79.33
206,Elizabeth,Richardson,erichardson@youspan.biz,Bangladesh,233.127.29.169
207,Lori,Perkins,lperkins@skinte.gov,Sao Tome and Principe,28.19.107.177
208,Lisa,Powell,lpowell@skilith.org,Guatemala,41.196.224.131
209,Julia,Wood,jwood@vitz.mil,Norfolk Island,115.167.6.160
210,Christina,Fuller,cfuller@tazzy.info,Luxembourg,203.136.203.172
211,Mary,Black,mblack@youspan.edu,Montenegro,253.151.121.125
212,Robin,Perry,rperry@devpoint.net,Peru,237.16.22.69
213,Janet,Cox,jcox@brightdog.biz,Iran,30.72.35.165
214,Carl,Moore,cmoore@twitterwire.gov,San Marino,210.49.0.168
215,Stephen,Mcdonald,smcdonald@thoughtworks.name,"Congo, Democratic Republic of",191.7.57.193
216,Patrick,Harper,pharper@lazz.info,Liechtenstein,48.85.172.99
217,Ashley,Nichols,anichols@devcast.info,Israel,1.229.185.164
218,Heather,Stephens,hstephens@quire.org,Gabon,106.51.21.191
219,Alice,Nichols,anichols@katz.name,Mali,125.198.6.49
220,Joseph,Ray,jray@livez.mil,Faroe Islands,196.133.5.110
221,Mildred,Garcia,mgarcia@skilith.name,El Salvador,250.49.194.45
222,Andrew,Burns,aburns@quinu.edu,Trinidad and Tobago,136.224.231.120
223,Russell,Johnson,rjohnson@livez.mil,Zambia,87.137.155.148
224,Doris,Butler,dbutler@brightbean.edu,Moldova,179.157.169.248
225,Lois,Rogers,lrogers@skipstorm.com,Turkey,245.117.224.42
226,Randy,Carroll,rcarroll@agimba.mil,Zambia,243.26.57.36
227,Philip,Montgomery,pmontgomery@skyvu.edu,Uruguay,183.170.127.147
228,Marilyn,Perry,mperry@eayo.net,Saint Martin,97.19.22.183
229,Ruth,Chapman,rchapman@twimbo.info,Malta,107.131.159.183
230,Kathy,Wagner,kwagner@meezzy.name,Armenia,71.239.55.102
231,Willie,Ray,wray@voolith.org,El Salvador,203.73.153.185
232,Sharon,Montgomery,smontgomery@dazzlesphere.org,Mayotte,156.65.248.138
233,Todd,Stewart,tstewart@zoovu.net,Saint Kitts and Nevis,33.29.78.63
234,Margaret,Dunn,mdunn@riffpedia.com,Croatia,120.179.203.195
235,Joyce,Warren,jwarren@jayo.mil,Iran,210.158.136.125
236,Joshua,Fowler,jfowler@riffpedia.gov,Somalia,184.189.57.100
237,Denise,Mitchell,dmitchell@zoomdog.mil,Falkland Islands (Malvinas),247.117.44.65
238,Benjamin,Bailey,bbailey@eadel.biz,Barbados,122.194.70.146
239,Jimmy,Payne,jpayne@dynava.mil,Dominica,46.126.207.126
240,Lawrence,Welch,lwelch@mybuzz.mil,Czech Republic,229.242.252.78
241,Margaret,Ford,mford@kamba.org,Sweden,178.155.141.177
242,Philip,Anderson,panderson@zooxo.biz,Guinea,175.66.123.175
243,David,Rice,drice@rhyzio.info,Saudia Arabia,62.41.16.70
244,Teresa,Ross,tross@zoomzone.biz,Macau,219.65.153.89
245,Ryan,Johnston,rjohnston@divanoodle.info,Germany,178.62.199.187
246,Phillip,Cole,pcole@livefish.biz,Canada,150.124.139.216
247,Cynthia,Day,cday@twitterworks.edu,Malta,76.173.89.40
248,Rose,Nguyen,rnguyen@browsetype.mil,Finland,123.48.123.182
249,Eric,Flores,eflores@lazz.mil,Niger,95.212.209.199
250,Kathy,Wallace,kwallace@camido.info,Gabon,143.126.23.184
251,Carol,Johnston,cjohnston@skipfire.name,Haiti,140.164.8.201
252,Judith,Ray,jray@layo.gov,Saint Helena,30.171.59.255
253,Gerald,Banks,gbanks@zoombeat.biz,Germany,175.159.33.42
254,John,Parker,jparker@twimm.net,Gabon,156.107.251.12
255,Tammy,Kelley,tkelley@livetube.edu,French Polynesia,87.145.150.146
256,Angela,Fernandez,afernandez@quatz.gov,Kazakhstan,194.160.30.40
257,Mary,Payne,mpayne@skinix.mil,Belize,133.223.110.17
258,Frances,Weaver,fweaver@fivebridge.mil,Antigua and Barbuda,35.57.189.119
259,Scott,King,sking@ntag.com,British Indian Ocean Territory,205.92.53.114
260,Jennifer,Phillips,jphillips@twitterworks.edu,Mali,159.195.84.135
261,Sean,Murray,smurray@skinte.com,Bouvet Island,23.239.6.152
262,Ryan,Burke,rburke@bluejam.gov,Timor-Leste,175.188.136.165
263,Terry,Hayes,thayes@kwimbee.com,Chad,158.66.7.222
264,Andrew,Williamson,awilliamson@jabbertype.org,Syria,191.120.37.159
265,Andrea,Gordon,agordon@voolith.biz,Ireland,101.59.170.154
266,Helen,Moore,hmoore@jazzy.edu,Liechtenstein,214.195.144.197
267,Craig,Riley,criley@tagcat.org,Myanmar,161.160.88.13
268,George,Daniels,gdaniels@photojam.biz,Italy,188.65.80.3
269,Kathryn,Lopez,klopez@cogidoo.net,Denmark,164.217.117.16
270,Wayne,Harper,wharper@kwimbee.edu,Germany,255.89.216.123
271,Rebecca,Alvarez,ralvarez@tazz.biz,Venezuela,227.96.227.251
272,Ryan,Castillo,rcastillo@wikizz.org,Antarctica,228.221.216.3
273,Kathryn,Reid,kreid@midel.biz,Pitcairn Island,10.133.27.253
274,Peter,Stephens,pstephens@voolia.info,Solomon Islands,220.184.213.138
275,Ruby,Cox,rcox@edgetag.mil,Israel,17.223.235.64
276,Robert,Johnston,rjohnston@ainyx.info,Kenya,191.207.179.155
277,Kelly,Ramos,kramos@jabberstorm.mil,Marshall Islands,32.224.97.157
278,Henry,Long,hlong@riffpath.info,Paraguay,241.149.73.37
279,Betty,Hall,bhall@ailane.org,Guinea,37.39.17.176
280,Diane,Stewart,dstewart@eabox.edu,Azerbaijan,212.240.119.37
281,Sandra,Black,sblack@mymm.net,Seychelles,181.37.231.127
282,Alice,Thomas,athomas@twinder.edu,Estonia,6.106.87.245
283,Joan,Hunter,jhunter@skiptube.name,Pitcairn Island,157.145.112.162
284,Debra,Stephens,dstephens@zooveo.info,Ireland,165.97.50.84
285,Tammy,Mason,tmason@meevee.org,Indonesia,4.132.21.53
286,Nicole,Garrett,ngarrett@realfire.mil,Kyrgyzstan,48.11.180.216
287,Norma,Ward,nward@dynabox.com,Trinidad and Tobago,1.90.212.201
288,Julia,Bradley,jbradley@jabberbean.mil,Djibouti,88.215.155.78
289,Lillian,Adams,ladams@meevee.name,Liechtenstein,240.122.195.196
290,Kelly,Phillips,kphillips@browsezoom.com,Uzbekistan,62.13.33.1
291,Virginia,Mitchell,vmitchell@photobug.gov,Guernsey,61.143.167.133
292,Joyce,Jordan,jjordan@tazz.biz,Lebanon,61.118.141.142
293,Ronald,Simpson,rsimpson@quamba.info,Singapore,153.85.137.214
294,William,Burton,wburton@innotype.com,United Kingdom,51.48.207.114
295,Robert,Harper,rharper@riffwire.com,Northern Mariana Islands,219.147.78.182
296,Elizabeth,Bryant,ebryant@rhyzio.gov,Kuwait,50.78.126.233
297,Jean,Phillips,jphillips@zoozzy.net,Venezuela,177.3.5.73
298,Shirley,Austin,saustin@demizz.mil,Pitcairn Island,43.214.141.0
299,Roger,Roberts,rroberts@blogtag.net,Sweden,47.141.173.12
300,Cynthia,Mccoy,cmccoy@thoughtbridge.net,Saint Kitts and Nevis,130.233.36.170
301,Robin,Fisher,rfisher@bluejam.name,Taiwan,242.252.227.6
302,Marie,Torres,mtorres@skiba.net,Anguilla,142.13.131.47
303,Jeffrey,Diaz,jdiaz@blogtags.edu,Cocos (Keeling) Island,209.205.203.199
304,Shirley,Harrison,sharrison@tagchat.mil,Myanmar,202.113.52.57
305,Shawn,Garcia,sgarcia@skibox.edu,Zimbabwe,141.104.13.250
306,Jane,Hamilton,jhamilton@photojam.gov,Yugoslavia,104.247.148.82
307,Michelle,Bell,mbell@wikizz.name,Pitcairn Island,100.108.201.97
308,John,Lee,jlee@myworks.biz,Armenia,203.101.108.18
309,Diane,Ray,dray@tagpad.info,British Indian Ocean Territory,110.32.208.103
310,Teresa,Boyd,tboyd@flashdog.org,Guernsey,17.13.153.105
311,Marie,Garrett,mgarrett@kamba.gov,Ukraine,28.125.89.69
312,George,Kelley,gkelley@wikivu.org,Chile,123.154.144.19
313,Benjamin,Warren,bwarren@brainverse.biz,Bouvet Island,240.99.87.80
314,Ruby,Boyd,rboyd@riffwire.biz,Armenia,208.191.7.253
315,Catherine,Greene,cgreene@ailane.edu,Dominica,1.52.131.177
316,Debra,Daniels,ddaniels@quire.info,Mongolia,142.220.54.157
317,Bonnie,Dunn,bdunn@jumpxs.gov,Lithuania,187.56.207.65
318,Paula,Stanley,pstanley@devify.gov,Kiribati,58.38.58.86
319,Carolyn,Kim,ckim@blogxs.name,Monaco,131.57.158.95
320,Alan,Matthews,amatthews@innotype.net,Croatia,150.26.191.197
321,Lillian,Jones,ljones@vitz.org,Cambodia,18.222.68.169
322,Margaret,Hernandez,mhernandez@photofeed.name,Pitcairn Island,121.254.116.32
323,Dennis,Ford,dford@oodoo.name,Montenegro,146.1.69.224
324,Wayne,Fuller,wfuller@fiveclub.info,Chile,165.195.158.170
325,William,Ellis,wellis@latz.net,Dominican Republic,154.190.21.234
326,Marilyn,Walker,mwalker@shufflebeat.name,Turks and Caicos Islands,223.119.33.186
327,Mildred,Weaver,mweaver@devpulse.mil,Dominican Republic,161.171.172.135
328,Carl,Nguyen,cnguyen@buzzster.org,Gibraltar,46.108.205.18
329,Philip,Kelly,pkelly@photolist.gov,United States Virgin Islands,132.149.17.44
330,Doris,Meyer,dmeyer@buzzster.net,Belize,26.239.40.231
331,Bruce,Torres,btorres@bubblebox.gov,Namibia,240.227.25.8
332,Albert,Welch,awelch@twinte.net,Poland,36.1.97.247
333,Randy,Morales,rmorales@wikizz.biz,"Korea, South",159.181.78.93
334,Phillip,Tucker,ptucker@blognation.biz,Gambia,43.89.38.224
335,Craig,Wheeler,cwheeler@divavu.name,Venezuela,213.113.220.184
336,John,Mccoy,jmccoy@gabcube.net,Micronesia,28.127.225.95
337,Howard,Frazier,hfrazier@flipbug.biz,Syria,154.155.212.136
338,Donald,Ryan,dryan@ailane.edu,Norway,184.148.59.37
339,Judy,Knight,jknight@dynabox.biz,Togo,243.125.188.186
340,Justin,Scott,jscott@twinder.net,Tonga,246.75.203.22
341,Roy,Riley,rriley@demizz.biz,Portugal,104.99.143.33
342,Joe,Allen,jallen@divavu.net,Somalia,75.35.43.88
343,Albert,Rice,arice@voonder.com,Russia,128.20.40.18
344,Betty,Wells,bwells@jaxspan.gov,Italy,123.176.36.0
345,Catherine,Carroll,ccarroll@buzzdog.edu,Uganda,116.75.75.35
346,Diana,Davis,ddavis@bluejam.com,Honduras,7.244.171.109
347,Tammy,Day,tday@skalith.com,Tajikistan,242.86.214.175
348,Willie,Sims,wsims@miboo.name,United Arab Emirates,18.141.128.178
349,Kathleen,James,kjames@photofeed.com,Puerto Rico,230.34.111.246
350,Todd,Henry,thenry@gigaclub.gov,Senegal,59.52.145.143
351,Larry,Gordon,lgordon@brainverse.com,Mongolia,115.67.65.75
352,Alice,Bowman,abowman@jabbertype.com,Guam,125.243.238.217
353,Larry,Reid,lreid@chatterbridge.name,Somalia,187.15.21.42
354,Samuel,Berry,sberry@kimia.info,Niue,212.85.226.164
355,Christine,Medina,cmedina@eabox.info,Trinidad and Tobago,214.217.47.179
356,Janice,Garza,jgarza@babbleblab.edu,Guinea,232.74.51.186
357,Susan,Burton,sburton@zazio.net,Cook Islands,143.255.97.12
358,Louise,Nelson,lnelson@divanoodle.name,Kuwait,237.236.84.132
359,Ruby,Perez,rperez@roodel.info,Namibia,86.158.13.107
360,Tina,Richards,trichards@quatz.edu,Luxembourg,53.150.65.91
361,Pamela,Wilson,pwilson@oyoba.edu,Oman,188.202.106.0
362,Jane,Wheeler,jwheeler@wordify.info,Palau,96.137.124.114
363,Susan,Mills,smills@yakidoo.com,Åland,169.31.113.46
364,Harry,Ray,hray@kaymbo.mil,Cocos (Keeling) Island,207.36.106.97
365,Andrea,Daniels,adaniels@eire.name,Seychelles,250.57.22.19
366,Lillian,Matthews,lmatthews@rhycero.mil,Ghana,167.218.147.70
367,Mildred,Wright,mwright@jetpulse.biz,Reunion,209.235.109.243
368,Raymond,Cole,rcole@flipbug.net,Sri Lanka,29.227.250.184
369,Lori,Flores,lflores@flipbug.gov,Australia,13.159.141.60
370,Elizabeth,Roberts,eroberts@kwinu.com,Slovakia,74.213.107.71
371,Sarah,Nichols,snichols@dynazzy.gov,"Congo, Republic of",54.135.172.244
372,Annie,Fernandez,afernandez@aibox.com,India,210.251.166.221
373,Catherine,Garcia,cgarcia@twitterlist.info,Mauritania,30.45.154.162
374,Jeffrey,Stewart,jstewart@twitterlist.biz,Venezuela,181.58.116.252
375,Cheryl,Garza,cgarza@skibox.info,Martinique,180.224.147.166
376,Amanda,Crawford,acrawford@realpoint.com,Angola,101.203.236.236
377,Edward,Simpson,esimpson@cogibox.info,Equatorial Guinea,132.194.153.193
378,Lori,Bell,lbell@layo.mil,Marshall Islands,3.104.19.114
379,Matthew,Carpenter,mcarpenter@flashset.gov,Antigua and Barbuda,252.112.200.103
380,Randy,Mills,rmills@babbleset.com,Venezuela,210.1.173.226
381,Joyce,Castillo,jcastillo@nlounge.com,Seychelles,158.184.66.92
382,Ralph,Burke,rburke@fanoodle.edu,Kazakhstan,166.249.86.239
383,Phillip,Wallace,pwallace@chatterpoint.org,Cameroon,97.192.43.71
384,Bobby,Bennett,bbennett@cogidoo.gov,"Korea, North",204.3.17.210
385,Denise,Moore,dmoore@innotype.com,Vietnam,125.79.204.134
386,Kenneth,Carr,kcarr@skalith.biz,"Congo, Republic of",86.46.156.8
387,Ann,Garrett,agarrett@tagopia.name,Monaco,66.1.125.170
388,Diana,Gonzalez,dgonzalez@photobug.com,Canada,152.237.61.42
389,Carl,Arnold,carnold@rooxo.com,Aruba,75.226.31.95
390,Deborah,Perez,dperez@wordify.com,United Arab Emirates,49.228.228.49
391,Donna,Miller,dmiller@jatri.mil,France,213.158.220.177
392,Mary,Mcdonald,mmcdonald@kaymbo.mil,Poland,170.89.5.184
393,Susan,Hansen,shansen@yodel.com,Saudia Arabia,97.153.186.103
394,Cheryl,Meyer,cmeyer@bluejam.org,Ukraine,216.31.36.61
395,Robert,Martin,rmartin@thoughtworks.gov,Kenya,237.57.20.27
396,Willie,Smith,wsmith@meedoo.net,Tuvalu,165.137.146.153
397,Cheryl,Hunter,chunter@browsecat.mil,Bolivia,200.84.38.181
398,Lawrence,Robertson,lrobertson@jayo.biz,Haiti,30.92.38.136
399,Aaron,Torres,atorres@livetube.gov,Saudia Arabia,6.128.122.242
400,Maria,Marshall,mmarshall@zoomlounge.name,Moldova,168.212.53.60
401,Mark,Lynch,mlynch@twitterlist.biz,Taiwan,125.80.255.36
402,Philip,Mills,pmills@flipopia.name,"Congo, Republic of",232.55.149.82
403,Stephanie,Freeman,sfreeman@youtags.mil,Costa Rica,167.145.221.130
404,Tina,Hamilton,thamilton@janyx.org,Tonga,147.112.126.158
405,Kathleen,Perez,kperez@skyble.net,USSR,9.123.140.82
406,Mark,Nguyen,mnguyen@twimm.gov,Albania,118.100.54.34
407,Ernest,Murray,emurray@podcat.gov,Bulgaria,19.113.164.177
408,Frances,Jackson,fjackson@jaxspan.mil,Saint Kitts and Nevis,121.107.55.76
409,Edward,Simpson,esimpson@camimbo.biz,Tuvalu,250.234.112.129
410,Katherine,Palmer,kpalmer@skyble.net,"Palestinian Territory, Occupied",173.245.64.148
411,Gregory,Miller,gmiller@youspan.name,Costa Rica,152.182.135.21
412,Mary,Arnold,marnold@feedspan.biz,Ecuador,49.94.119.97
413,Elizabeth,Brown,ebrown@gabvine.info,Kuwait,65.225.220.7
414,Steve,Gibson,sgibson@blogxs.edu,Venezuela,7.36.167.119
415,Dennis,Armstrong,darmstrong@nlounge.gov,Mali,92.245.129.191
416,Jason,Peters,jpeters@photobug.mil,Zambia,83.118.39.234
417,Edward,Price,eprice@buzzshare.info,"Congo, Democratic Republic of",179.173.120.248
418,Donald,Fowler,dfowler@zoomlounge.name,Turks and Caicos Islands,168.213.39.23
419,Ruby,Reed,rreed@einti.gov,Guatemala,189.185.203.88
420,Roy,Montgomery,rmontgomery@talane.gov,Vietnam,47.27.114.14
421,Jean,Wagner,jwagner@centidel.biz,Tuvalu,126.128.34.242
422,Brian,Burns,bburns@vidoo.name,Norfolk Island,161.165.41.64
423,Terry,Ray,tray@zoozzy.name,Jersey,221.103.136.200
424,Debra,Garcia,dgarcia@zoombox.com,Central African Republic,22.242.30.35
425,Ruth,Carroll,rcarroll@camido.net,Comoros,233.158.195.240
426,Nancy,Ruiz,nruiz@tekfly.edu,Western Sahara,193.208.148.169
427,Ruth,Dean,rdean@jetpulse.com,Cyprus,84.91.198.217
428,Helen,Bailey,hbailey@jaloo.mil,Ghana,209.94.102.197
429,Terry,Richards,trichards@voolith.name,Nauru,241.44.53.44
430,Jennifer,Mendoza,jmendoza@ntags.edu,Solomon Islands,196.104.7.151
431,Kathryn,Cooper,kcooper@jetpulse.name,Belgium,159.147.31.152
432,Billy,Cox,bcox@quinu.mil,Armenia,255.175.132.56
433,Russell,Weaver,rweaver@miboo.gov,Tunisia,252.49.24.103
434,Wayne,Willis,wwillis@leenti.edu,Sao Tome and Principe,117.103.41.218
435,Larry,Clark,lclark@myworks.mil,El Salvador,220.0.146.66
436,Amy,Carr,acarr@mita.mil,Djibouti,239.126.252.242
437,Pamela,Nichols,pnichols@latz.mil,Grenada,185.14.201.127
438,Philip,Sanchez,psanchez@photobean.biz,Sudan,254.139.200.114
439,Nicole,Watson,nwatson@skilith.edu,Netherlands Antilles,123.52.202.69
440,Joe,Patterson,jpatterson@jamia.gov,Rwanda,90.208.96.37
441,Terry,Richards,trichards@jabbersphere.biz,Nauru,77.155.131.200
442,Bonnie,Ray,bray@livefish.name,Finland,89.130.108.6
443,Brandon,Hunter,bhunter@skipfire.org,Somalia,129.132.100.89
444,Ryan,Ramirez,rramirez@photospace.info,Faroe Islands,159.123.214.4
445,Mary,Robinson,mrobinson@realbridge.com,American Samoa,111.159.105.29
446,Aaron,Williamson,awilliamson@feedmix.biz,Barbados,10.254.90.241
447,Betty,Thompson,bthompson@brainsphere.mil,Ukraine,222.130.67.93
448,Jose,Austin,jaustin@dynabox.com,"Korea, North",16.17.195.233
449,Linda,Morales,lmorales@eare.mil,Singapore,85.155.246.228
450,Jack,Robertson,jrobertson@tagopia.edu,Kazakhstan,52.22.228.155
451,Brian,Simpson,bsimpson@voonder.mil,Tanzania,147.230.218.72
452,Gloria,Evans,gevans@edgeify.info,Papua New Guinea,226.146.54.174
453,Martha,Stevens,mstevens@oloo.info,Indonesia,184.19.55.41
454,Peter,Kelly,pkelly@quatz.org,Bolivia,23.67.206.9
455,Randy,Thompson,rthompson@realmix.org,Egypt,119.30.48.99
456,John,Harrison,jharrison@cogidoo.name,Spain,129.158.137.175
457,Paula,Gray,pgray@oozz.org,Japan,201.135.116.140
458,Evelyn,Wright,ewright@gabtype.com,Estonia,241.185.100.154
459,Sarah,Murphy,smurphy@tagfeed.edu,Honduras,145.229.171.46
460,Jeffrey,Thomas,jthomas@shufflester.info,"Congo, Republic of",137.45.26.232
461,Joan,Miller,jmiller@gigabox.edu,Moldova,180.138.204.101
462,Catherine,Robertson,crobertson@livepath.info,New Caledonia,221.149.175.111
463,George,Stevens,gstevens@aibox.info,New Zealand,49.247.144.132
464,Diane,Andrews,dandrews@gigaclub.gov,"Congo, Republic of",166.228.131.37
465,Thomas,Cruz,tcruz@reallinks.org,Spain,63.210.194.152
466,Irene,Freeman,ifreeman@teklist.gov,Kuwait,254.198.95.71
467,Philip,Gray,pgray@cogilith.gov,Cuba,223.101.97.1
468,Edward,Johnston,ejohnston@blogtag.biz,Laos,135.62.202.193
469,Benjamin,Bailey,bbailey@dabvine.net,Yugoslavia,174.229.146.127
470,Rose,Torres,rtorres@ntag.edu,Czech Republic,225.152.117.234
471,Jerry,Clark,jclark@dabfeed.net,Jamaica,211.135.217.84
472,Jane,Wells,jwells@twinder.com,Seychelles,93.173.251.25
473,Mark,Olson,molson@yadel.edu,Turks and Caicos Islands,141.108.143.116
474,Brandon,Thompson,bthompson@wikibox.net,Croatia,9.130.246.29
475,Jeffrey,White,jwhite@quamba.mil,Georgia,14.229.241.183
476,Carlos,Scott,cscott@pixope.com,Kazakhstan,13.137.109.191
477,Raymond,Jenkins,rjenkins@plambee.biz,Ghana,54.227.114.100
478,Thomas,Shaw,tshaw@trudoo.mil,Armenia,196.243.117.65
479,Carlos,Hunt,chunt@blogspan.name,Hong Kong,217.33.252.191
480,Eugene,Coleman,ecoleman@leexo.edu,Luxembourg,241.108.211.140
481,Carolyn,Holmes,cholmes@livez.name,Comoros,126.82.208.71
482,Anne,Gilbert,agilbert@demizz.name,France,117.87.30.246
483,Eugene,Ferguson,eferguson@jaxbean.com,Mali,104.204.4.104
484,Amanda,Turner,aturner@camido.info,Kenya,155.85.219.205
485,Todd,Hansen,thansen@centizu.name,Guernsey,225.20.32.199
486,Rachel,Owens,rowens@mydo.com,Ethiopia,231.126.124.95
487,Doris,Frazier,dfrazier@einti.info,Lesotho,207.26.201.149
488,Jason,Clark,jclark@feedspan.name,Paraguay,48.162.82.17
489,Andrew,Bradley,abradley@divanoodle.com,Sweden,12.150.145.9
490,Denise,Hunter,dhunter@innojam.gov,Gabon,237.179.136.67
491,John,Harvey,jharvey@gabcube.net,Switzerland,230.147.251.220
492,Shawn,Nelson,snelson@npath.com,San Marino,194.159.198.151
493,Mary,James,mjames@topiczoom.biz,South Africa,252.92.223.14
494,Benjamin,Lynch,blynch@realpoint.biz,Tuvalu,59.148.40.158
495,Wayne,Williams,wwilliams@cogilith.edu,Albania,254.253.145.214
496,Randy,Peterson,rpeterson@skidoo.gov,Mayotte,207.188.65.36
497,Larry,Gonzales,lgonzales@browsecat.edu,Yemen,120.230.0.132
498,Anna,Howard,ahoward@eabox.biz,Jersey,51.48.251.24
499,John,Franklin,jfranklin@aivee.name,Syria,191.192.234.48
500,Randy,Garrett,rgarrett@mydeo.edu,Tajikistan,29.168.3.126
501,Gregory,Brooks,gbrooks@flashspan.mil,Saint Pierre and Miquelon,111.215.14.161
502,Ryan,Ortiz,rortiz@edgetag.com,Samoa,251.157.244.80
503,David,Perry,dperry@avamm.gov,Saint Martin,54.20.125.70
504,Jose,Little,jlittle@linkbridge.net,Sweden,91.2.22.30
505,Jason,Bell,jbell@eayo.biz,Saint Pierre and Miquelon,71.218.65.100
506,Lillian,Chapman,lchapman@camimbo.biz,Serbia,132.130.219.192
507,Mary,Riley,mriley@kwideo.com,New Zealand,156.147.19.181
508,Samuel,Lee,slee@layo.org,Oman,77.76.17.155
509,Andrea,Weaver,aweaver@realpoint.net,Comoros,176.115.159.74
510,Steven,Garza,sgarza@livepath.edu,"Congo, Democratic Republic of",51.200.12.130
511,Jerry,Alvarez,jalvarez@skinder.net,Nicaragua,58.35.61.22
512,Stephanie,Harper,sharper@jaxbean.name,Macedonia,191.30.122.237
513,Carl,Willis,cwillis@podcat.edu,Turks and Caicos Islands,87.10.65.192
514,Douglas,Wright,dwright@cogidoo.mil,Bermuda,73.176.213.90
515,Jack,Jordan,jjordan@buzzster.biz,Andorra,114.246.108.51
516,Steven,Wright,swright@livez.net,Macedonia,241.125.247.122
517,Brian,Gomez,bgomez@edgeclub.org,China,43.167.32.60
518,Phyllis,Matthews,pmatthews@voolith.mil,Papua New Guinea,110.21.181.170
519,Wayne,Watkins,wwatkins@abatz.name,"Congo, Republic of",219.126.24.23
520,Charles,Peters,cpeters@skynoodle.name,Czech Republic,177.199.150.2
521,Jesse,Gutierrez,jgutierrez@twitterlist.info,Uzbekistan,115.142.191.27
522,Helen,Dixon,hdixon@zava.name,Isle of Man,16.187.227.20
523,Benjamin,Williams,bwilliams@mita.edu,Ireland,41.76.116.245
524,Eric,Daniels,edaniels@agivu.name,Anguilla,239.138.38.150
525,Amy,Roberts,aroberts@meevee.gov,Afghanistan,112.90.65.22
526,Todd,Mills,tmills@jabbersphere.com,Somalia,108.237.212.212
527,David,West,dwest@blognation.biz,Philippines,102.18.130.77
528,Eric,Cooper,ecooper@minyx.biz,Sao Tome and Principe,45.184.126.211
529,Phyllis,Mills,pmills@avamm.org,Pakistan,243.37.200.53
530,Judy,Stewart,jstewart@yadel.biz,Uganda,88.156.150.252
531,Kelly,Day,kday@bubbletube.gov,Oman,133.187.137.137
532,Jonathan,Johnson,jjohnson@meevee.gov,Northern Mariana Islands,44.69.151.146
533,Susan,Morris,smorris@trudeo.net,Saint Martin,153.126.17.196
534,Thomas,Duncan,tduncan@yakitri.name,France,176.40.124.141
535,Rachel,Fowler,rfowler@lazz.gov,Equatorial Guinea,119.104.176.218
536,Martin,Hill,mhill@gabvine.name,Guyana,72.32.79.181
537,Gregory,Hughes,ghughes@jazzy.net,Jordan,68.153.222.236
538,Billy,Morales,bmorales@avaveo.mil,Greenland,181.181.25.112
539,Gloria,Walker,gwalker@meeveo.info,Nigeria,206.255.117.77
540,John,Knight,jknight@youspan.gov,Hungary,161.120.235.87
541,Kevin,Franklin,kfranklin@einti.mil,Hungary,78.229.170.239
542,Gary,Rodriguez,grodriguez@photobug.biz,Tajikistan,248.56.27.69
543,Frances,Edwards,fedwards@oozz.info,Svalbard and Jan Mayen Islands,87.215.153.124
544,Ruby,Hudson,rhudson@midel.mil,Turkmenistan,251.110.20.131
545,Wanda,Bradley,wbradley@yodoo.gov,Ukraine,156.231.97.191
546,Betty,Jordan,bjordan@miboo.biz,Singapore,106.72.132.59
547,Carol,Gonzales,cgonzales@quatz.name,Swaziland,6.21.72.214
548,Jose,Morris,jmorris@babblestorm.name,Cook Islands,85.207.111.100
549,Laura,Gray,lgray@zoovu.edu,Namibia,244.85.226.74
550,Daniel,Owens,dowens@voonix.biz,Belarus,146.165.221.230
551,Denise,Foster,dfoster@wordware.gov,Botswana,129.232.180.96
552,Harold,Owens,howens@babbleopia.info,Uzbekistan,232.206.222.84
553,Adam,Johnston,ajohnston@jabbersphere.gov,China,5.67.145.155
554,Patrick,Lawrence,plawrence@roomm.com,Afghanistan,105.112.217.232
555,Edward,Lewis,elewis@ozu.biz,Liechtenstein,18.12.30.240
556,Terry,Graham,tgraham@centimia.mil,"Palestinian Territory, Occupied",168.242.254.140
557,Nicholas,Hamilton,nhamilton@yambee.edu,Bangladesh,88.127.85.155
558,Jimmy,Jones,jjones@fivebridge.com,French Guiana,70.197.153.25
559,Marilyn,Howell,mhowell@linkbridge.name,"Korea, North",76.222.232.70
560,Marie,Hicks,mhicks@skipfire.biz,Heard and McDonald Islands,20.170.32.87
561,Michael,Garrett,mgarrett@rhyloo.org,Belarus,10.109.177.52
562,Nicole,Burton,nburton@lazzy.biz,Brazil,35.218.93.172
563,Anthony,Lee,alee@innojam.name,Thailand,21.45.142.129
564,Margaret,Jacobs,mjacobs@quire.info,Mali,182.79.149.110
565,Roy,Frazier,rfrazier@blogtag.gov,France,108.139.202.3
566,Todd,Ortiz,tortiz@voonte.mil,Djibouti,139.11.141.79
567,Kelly,Hamilton,khamilton@skyble.org,Georgia,190.249.156.9
568,Fred,Ross,fross@zoomcast.name,Latvia,150.105.13.223
569,Rachel,Weaver,rweaver@plambee.org,Jamaica,159.83.1.65
570,Roy,Greene,rgreene@minyx.biz,Panama,142.127.178.226
571,Randy,Snyder,rsnyder@bluezoom.mil,Bhutan,102.43.81.20
572,Jason,Peters,jpeters@katz.biz,French Southern Territories,254.82.81.167
573,Donna,Miller,dmiller@twinder.name,Northern Mariana Islands,224.252.231.136
574,Jeremy,Gray,jgray@cogidoo.org,Albania,65.51.0.223
575,Stephanie,Campbell,scampbell@kazu.edu,French Polynesia,91.170.208.3
576,Carolyn,Green,cgreen@quire.org,Gambia,71.167.119.234
577,Helen,Mason,hmason@wordtune.gov,Sweden,223.250.82.219
578,Judith,Nichols,jnichols@browsedrive.info,Austria,218.161.56.216
579,Kathy,Romero,kromero@riffpedia.com,Turks and Caicos Islands,33.244.101.36
580,Jerry,Nichols,jnichols@realcube.biz,Samoa,22.159.85.140
581,Howard,Young,hyoung@tagtune.org,Guinea,237.104.192.118
582,Cheryl,Patterson,cpatterson@browsezoom.info,Honduras,82.178.176.75
583,Stephanie,West,swest@twitterlist.gov,Czech Republic,141.105.19.142
584,Melissa,Reid,mreid@youfeed.edu,Mali,213.59.97.51
585,Douglas,Hansen,dhansen@eazzy.net,Sri Lanka,218.166.135.232
586,Earl,Owens,eowens@linktype.com,Anguilla,199.22.240.199
587,Jennifer,Sanchez,jsanchez@mycat.mil,Mali,198.188.243.206
588,Jimmy,Morales,jmorales@centizu.mil,Belarus,239.190.38.216
589,Bobby,Turner,bturner@zoovu.org,French Polynesia,57.223.249.207
590,Annie,Meyer,ameyer@divavu.gov,Cook Islands,93.104.47.46
591,Mildred,Long,mlong@mydo.edu,Montenegro,194.242.85.91
592,David,Hudson,dhudson@flipstorm.info,Montserrat,15.76.103.237
593,Linda,Hughes,lhughes@ntag.org,United Arab Emirates,56.229.140.69
594,Linda,Lopez,llopez@aibox.gov,Chile,232.148.93.9
595,Bobby,Graham,bgraham@jayo.net,Armenia,165.234.82.216
596,Marilyn,Lawrence,mlawrence@skimia.edu,Niger,46.53.69.150
597,Jane,Ryan,jryan@thoughtworks.edu,Åland,65.160.21.99
598,Russell,Bowman,rbowman@oyoyo.com,Tajikistan,115.185.202.109
599,Eugene,Vasquez,evasquez@yodel.info,Uzbekistan,12.27.17.253
600,Juan,Fowler,jfowler@skipstorm.mil,Vatican City State (Holy See),111.162.151.114
601,Victor,Allen,vallen@fatz.com,Canada,133.185.93.78
602,Eugene,Wagner,ewagner@browsebug.name,Canada,214.101.54.19
603,Steve,Dean,sdean@chatterpoint.name,Namibia,50.54.49.244
604,Edward,Simmons,esimmons@myworks.name,"Congo, Republic of",46.10.248.133
605,Louise,Grant,lgrant@brightbean.com,Saint Martin,253.70.246.40
606,Marie,Black,mblack@trudeo.info,Nauru,183.245.136.100
607,Annie,Williamson,awilliamson@yozio.mil,Greece,2.65.171.239
608,Jennifer,Fields,jfields@avamm.info,Indonesia,178.7.189.117
609,Ann,Cook,acook@kanoodle.name,Kiribati,25.108.100.84
610,Paul,Franklin,pfranklin@browsecat.com,Comoros,182.109.136.244
611,Howard,Jacobs,hjacobs@trudeo.mil,Latvia,214.219.60.189
612,Pamela,Schmidt,pschmidt@tagcat.com,Yemen,141.187.113.167
613,Jesse,Brown,jbrown@eare.info,Lebanon,73.149.95.166
614,Donna,Gutierrez,dgutierrez@shuffletag.org,Cape Verde,213.102.201.153
615,Arthur,Powell,apowell@skipfire.mil,Rwanda,23.219.206.154
616,Andrew,Rose,arose@minyx.biz,Anguilla,147.134.146.240
617,Catherine,Wheeler,cwheeler@jabberstorm.gov,Cocos (Keeling) Island,112.249.1.77
618,Carol,Brown,cbrown@gabvine.biz,Iceland,14.184.125.32
619,Phillip,Graham,pgraham@thoughtsphere.biz,Svalbard and Jan Mayen Islands,203.109.247.68
620,Victor,Hart,vhart@twinte.info,Ghana,221.52.27.141
621,Brian,Coleman,bcoleman@viva.name,Macedonia,40.37.249.43
622,Joyce,Webb,jwebb@gabvine.biz,"Korea, North",61.235.156.145
623,Ruth,Washington,rwashington@realmix.net,Poland,48.19.61.248
624,Mildred,Taylor,mtaylor@dynabox.info,Senegal,56.93.157.95
625,Sean,Martinez,smartinez@linkbuzz.info,Jordan,53.10.125.178
626,Timothy,King,tking@youbridge.info,Syria,210.185.203.10
627,Anna,Wright,awright@cogidoo.net,Western Sahara,183.30.50.86
628,Ann,Warren,awarren@quimba.mil,Costa Rica,157.189.19.66
629,Billy,Rodriguez,brodriguez@dabvine.info,Oman,24.29.114.22
630,Shawn,Marshall,smarshall@tavu.name,Turkey,112.76.221.73
631,Linda,Alexander,lalexander@roomm.name,Laos,61.77.241.227
632,Robert,Matthews,rmatthews@babbleopia.org,Myanmar,30.13.163.200
633,Julia,Hudson,jhudson@photofeed.org,Reunion,247.220.58.53
634,Craig,Robertson,crobertson@omba.name,USSR,147.96.229.207
635,Judy,Montgomery,jmontgomery@photobug.name,Ukraine,28.175.94.192
636,Jeffrey,Price,jprice@katz.biz,Haiti,222.77.207.158
637,Lori,Gutierrez,lgutierrez@dynazzy.biz,Suriname,198.250.247.51
638,Paul,Fernandez,pfernandez@buzzshare.gov,Angola,67.245.62.219
639,Wanda,Clark,wclark@realcube.net,Papua New Guinea,153.186.205.148
640,Kathleen,Gomez,kgomez@riffwire.net,Saint Pierre and Miquelon,55.88.108.37
641,Cheryl,Robinson,crobinson@demizz.edu,Marshall Islands,201.243.92.232
642,Anna,Arnold,aarnold@roombo.org,Ecuador,71.211.86.129
643,Beverly,Diaz,bdiaz@mita.mil,Haiti,196.117.154.242
644,Randy,Brooks,rbrooks@realpoint.org,Netherlands,13.224.217.196
645,Justin,Sims,jsims@skilith.org,Macau,214.206.139.66
646,Maria,Boyd,mboyd@eazzy.com,Lebanon,73.228.57.73
647,Virginia,Perkins,vperkins@quinu.info,Ghana,190.85.88.59
648,Rose,Payne,rpayne@jetwire.name,Falkland Islands (Malvinas),206.0.194.178
649,Gloria,Hanson,ghanson@skipstorm.edu,Slovakia,210.96.48.43
650,Bruce,Rice,brice@zooxo.net,Qatar,187.3.111.9
651,Steven,Watkins,swatkins@mymm.mil,Liechtenstein,82.90.219.63
652,Donald,Duncan,dduncan@podcat.edu,Taiwan,87.8.129.34
653,Diana,Hill,dhill@trilia.info,"Congo, Republic of",234.38.137.116
654,Irene,Carter,icarter@roombo.gov,Zambia,75.236.44.78
655,Steven,Gray,sgray@fiveclub.gov,Eritrea,29.53.56.144
656,Todd,Daniels,tdaniels@jabbersphere.mil,Svalbard and Jan Mayen Islands,120.56.207.164
657,Jason,Griffin,jgriffin@innoz.biz,Anguilla,102.121.247.26
658,Gary,White,gwhite@wordtune.net,Åland,194.86.126.12
659,Diane,Thompson,dthompson@livepath.mil,United Kingdom,188.56.195.132
660,Dorothy,Nelson,dnelson@devshare.org,Taiwan,206.58.41.215
661,Chris,Rivera,crivera@skipfire.com,Papua New Guinea,234.223.124.178
662,Judith,Carter,jcarter@yamia.org,Somalia,250.102.118.68
663,Nicole,Gray,ngray@rhyzio.com,Mozambique,164.60.94.77
664,Amanda,Henry,ahenry@dabtype.edu,Mozambique,43.212.19.194
665,Anthony,Smith,asmith@mynte.com,Dominica,96.117.17.146
666,Jesse,Fernandez,jfernandez@abatz.gov,Saint Helena,132.186.213.88
667,Ronald,Wallace,rwallace@dabz.org,Belize,219.175.197.177
668,Carlos,Thomas,cthomas@chatterbridge.info,Venezuela,144.144.241.151
669,Daniel,Reid,dreid@pixonyx.biz,Burundi,3.137.190.20
670,Jane,Hawkins,jhawkins@rhynoodle.gov,Afghanistan,38.113.113.1
671,Julia,Reynolds,jreynolds@meevee.biz,Cambodia,208.215.67.227
672,Christopher,Hudson,chudson@devify.name,Samoa,53.67.192.175
673,Joe,Ramirez,jramirez@jabberstorm.com,"Congo, Democratic Republic of",208.133.207.56
674,Phillip,West,pwest@meetz.name,Cuba,243.121.232.119
675,Pamela,Campbell,pcampbell@wikizz.info,Guatemala,220.192.149.253
676,Christopher,Ellis,cellis@voonte.edu,Serbia,92.131.36.150
677,Rebecca,Owens,rowens@myworks.gov,Thailand,31.69.244.90
678,Lisa,Carter,lcarter@brainverse.edu,Iran,148.11.187.167
679,Willie,Hicks,whicks@voolith.org,Cocos (Keeling) Island,148.181.131.40
680,Theresa,Davis,tdavis@jaxspan.gov,Swaziland,104.46.80.237
681,Joe,Kelly,jkelly@skalith.name,Morocco,126.251.214.146
682,Anna,Gonzales,agonzales@twitterworks.org,British Indian Ocean Territory,53.194.113.39
683,Cynthia,Morris,cmorris@kimia.mil,Swaziland,113.207.58.51
684,Charles,Garcia,cgarcia@janyx.edu,Nepal,204.134.193.167
685,Ashley,Daniels,adaniels@ntag.edu,Liberia,69.199.219.148
686,Tina,Ferguson,tferguson@jaxspan.biz,Hong Kong,225.21.31.61
687,Teresa,Lynch,tlynch@demivee.com,Venezuela,195.130.174.37
688,Jeremy,Gibson,jgibson@plajo.biz,Burundi,58.202.25.230
689,Kathy,Owens,kowens@jabberstorm.edu,Faroe Islands,31.196.103.223
690,Frances,Gonzales,fgonzales@livefish.com,US Minor Outlying Islands,164.243.147.29
691,Jose,Banks,jbanks@gevee.net,Tonga,226.204.40.222
692,Roy,Powell,rpowell@oodoo.gov,Guam,63.53.48.66
693,Douglas,Peterson,dpeterson@quimba.edu,Solomon Islands,217.20.97.239
694,Walter,Moreno,wmoreno@livetube.com,Qatar,239.149.59.138
695,Patrick,Allen,pallen@brainsphere.mil,Mauritania,232.85.213.186
696,Martin,Wood,mwood@photojam.name,Guinea-Bissau,16.202.78.76
697,Joyce,Montgomery,jmontgomery@aibox.com,France,47.87.192.31
698,Carl,Butler,cbutler@brainbox.biz,Somalia,199.56.168.108
699,Anthony,Cruz,acruz@browsezoom.net,Brazil,240.190.239.225
700,Janice,Wilson,jwilson@demimbu.com,"Congo, Republic of",128.35.106.250
701,Antonio,Gibson,agibson@jaxworks.com,Kazakhstan,109.21.117.96
702,Willie,Greene,wgreene@einti.name,Saint Lucia,241.29.245.175
703,Henry,Bailey,hbailey@izio.net,Venezuela,169.17.2.78
704,Jennifer,Olson,jolson@tavu.mil,Lebanon,159.168.51.248
705,Dorothy,Peterson,dpeterson@skinix.edu,Algeria,36.47.124.111
706,Sandra,Lee,slee@mymm.gov,Benin,108.64.47.225
707,Ernest,Watkins,ewatkins@fatz.com,US Minor Outlying Islands,43.95.88.119
708,Jessica,Alvarez,jalvarez@eidel.net,Pakistan,177.251.82.78
709,Joseph,Oliver,joliver@bubbletube.edu,Seychelles,160.66.128.145
710,Arthur,Carr,acarr@topiclounge.com,Papua New Guinea,166.217.226.34
711,Jesse,Willis,jwillis@yozio.org,Laos,20.82.209.247
712,Anthony,Hughes,ahughes@realfire.com,Belgium,176.52.8.119
713,Sharon,Jones,sjones@devcast.gov,Iran,108.92.30.105
714,Ronald,Rose,rrose@realcube.com,Liberia,225.165.193.118
715,Patrick,Baker,pbaker@kwimbee.net,Sudan,62.105.224.105
716,Teresa,Gray,tgray@tagfeed.mil,"Palestinian Territory, Occupied",94.23.68.32
717,Lois,Brooks,lbrooks@yakijo.name,Mongolia,128.106.16.211
718,Bonnie,Turner,bturner@mymm.mil,Ecuador,234.200.80.54
719,Christina,Fuller,cfuller@innoz.org,Macau,93.207.110.255
720,Jerry,Ross,jross@skippad.biz,Hong Kong,163.160.214.210
721,Louise,Cook,lcook@brightbean.edu,Ireland,133.95.141.210
722,Jack,Ramos,jramos@riffpath.info,Martinique,189.102.71.36
723,David,Ramirez,dramirez@yakidoo.gov,Saint Lucia,121.154.187.226
724,Christine,Cook,ccook@aimbu.info,Kyrgyzstan,199.13.194.219
725,Timothy,Meyer,tmeyer@kaymbo.biz,Iraq,180.241.122.82
726,Theresa,Daniels,tdaniels@oyoyo.info,French Guiana,69.238.31.205
727,Patricia,Adams,padams@trilia.net,Mayotte,92.46.174.19
728,Jerry,Baker,jbaker@zazio.org,Romania,182.54.121.43
729,Janice,Allen,jallen@zoomzone.name,Bolivia,127.195.96.104
730,Ralph,Ortiz,rortiz@twimbo.gov,Micronesia,97.234.160.208
731,Arthur,Hill,ahill@mynte.com,Cuba,5.60.113.158
732,Jonathan,Peters,jpeters@kanoodle.mil,Mauritius,124.193.42.55
733,Charles,Hunter,chunter@zava.gov,Pitcairn Island,49.170.205.141
734,Jeremy,Armstrong,jarmstrong@jetpulse.org,Morocco,221.32.239.230
735,Martha,Bowman,mbowman@wikido.com,Azerbaijan,168.65.48.209
736,Gary,Kelley,gkelley@katz.mil,Latvia,17.36.79.127
737,Carlos,Moreno,cmoreno@snaptags.biz,Seychelles,109.230.141.117
738,Anne,Andrews,aandrews@twitternation.org,Paraguay,33.209.217.222
739,Amanda,Perkins,aperkins@fivespan.biz,Bulgaria,121.2.177.89
740,Barbara,Alvarez,balvarez@flashset.com,Netherlands,222.101.225.203
741,David,Sanders,dsanders@aimbu.net,Isle of Man,180.113.229.131
742,Kenneth,Oliver,koliver@yamia.edu,USSR,81.200.30.64
743,Jonathan,Carr,jcarr@lazzy.edu,Ethiopia,212.19.219.116
744,Melissa,Franklin,mfranklin@demivee.info,Tuvalu,131.74.247.105
745,Peter,Davis,pdavis@viva.mil,Iraq,198.37.142.237
746,Barbara,Bennett,bbennett@divape.info,Pitcairn Island,170.173.232.169
747,Harry,Lee,hlee@tagcat.com,Zambia,110.130.179.21
748,Aaron,Johnston,ajohnston@zoovu.info,United Arab Emirates,96.204.93.98
749,Arthur,Bradley,abradley@voolia.org,Switzerland,85.187.162.90
750,Lori,Thompson,lthompson@thoughtmix.biz,Greece,214.136.186.162
751,Jessica,Robertson,jrobertson@babbleopia.info,Monaco,183.15.180.22
752,Denise,Wagner,dwagner@aimbu.com,Martinique,73.147.29.249
753,Catherine,Bowman,cbowman@realbridge.info,Yemen,39.204.1.244
754,Julia,Morrison,jmorrison@zoomlounge.mil,Grenada,129.52.3.233
755,Jack,Diaz,jdiaz@thoughtstorm.name,Qatar,120.40.29.57
756,Jack,Jenkins,jjenkins@gigabox.com,Tokelau,63.251.43.232
757,Charles,Reynolds,creynolds@ainyx.gov,Germany,216.17.100.38
758,Daniel,Chapman,dchapman@mita.net,Timor-Leste,160.157.79.33
759,Carl,Fisher,cfisher@babbleset.gov,Belarus,249.217.148.126
760,Robert,Rogers,rrogers@babbleopia.biz,Philippines,9.36.100.172
761,Rachel,Mitchell,rmitchell@realblab.biz,Eritrea,242.28.162.107
762,Gary,West,gwest@skajo.net,Christmas Island,176.170.171.198
763,Matthew,Stewart,mstewart@thoughtstorm.edu,Vanuatu,243.247.36.7
764,Joyce,Lee,jlee@digitube.net,"Korea, South",55.237.118.156
765,Louise,Clark,lclark@skiptube.com,United States Virgin Islands,184.145.54.169
766,Maria,Stanley,mstanley@trunyx.edu,Guernsey,38.131.221.23
767,Jesse,Ward,jward@meembee.org,Poland,172.221.231.60
768,Ann,Harris,aharris@flashset.gov,American Samoa,151.168.211.155
769,John,Weaver,jweaver@youtags.biz,Afghanistan,236.72.184.111
770,Robert,Watson,rwatson@skidoo.name,Montserrat,49.175.193.101
771,Brenda,Berry,bberry@trudoo.name,Nicaragua,89.246.192.135
772,Jean,Garcia,jgarcia@livetube.com,Finland,178.6.60.185
773,Wayne,Morales,wmorales@photobug.biz,New Zealand,87.163.233.168
774,Mark,Gonzales,mgonzales@kare.info,Mali,153.239.172.114
775,Billy,Brown,bbrown@roombo.gov,Cyprus,96.208.80.211
776,Jesse,Howard,jhoward@blogspan.info,France,6.153.55.203
777,George,Carter,gcarter@yombu.name,Belgium,107.252.207.163
778,Ashley,Castillo,acastillo@vinte.biz,South Africa,244.69.6.129
779,Emily,Thompson,ethompson@shufflester.name,Bulgaria,118.29.215.229
780,Sharon,Dixon,sdixon@photojam.net,Ghana,225.196.124.74
781,Stephanie,Cooper,scooper@mydo.gov,Nepal,177.224.159.193
782,Alice,Ryan,aryan@dynabox.net,Mauritania,18.240.191.191
783,Andrew,Taylor,ataylor@meedoo.info,Macedonia,219.129.55.34
784,Anne,Bailey,abailey@babbleset.info,Switzerland,60.237.252.193
785,Virginia,Grant,vgrant@twitternation.gov,Wallis and Futuna Islands,117.235.161.65
786,Angela,Jordan,ajordan@thoughtsphere.edu,United States Virgin Islands,81.104.57.138
787,Lois,Stevens,lstevens@skivee.info,Panama,192.238.135.84
788,Albert,Phillips,aphillips@brainbox.biz,Sweden,80.145.11.58
789,Carol,Elliott,celliott@meemm.mil,Singapore,212.135.151.230
790,Lisa,Jackson,ljackson@edgetag.biz,Gabon,242.210.30.140
791,Christina,Jenkins,cjenkins@devpoint.mil,Bangladesh,34.4.165.215
792,Norma,Duncan,nduncan@photofeed.mil,Swaziland,158.149.35.108
793,Daniel,Ellis,dellis@meezzy.com,Faroe Islands,16.74.31.252
794,Lois,Thomas,lthomas@realmix.biz,Kenya,19.225.191.82
795,Jessica,Carter,jcarter@agimba.info,Taiwan,166.223.144.117
796,Jean,Carroll,jcarroll@mita.com,Armenia,129.53.82.231
797,Albert,Peters,apeters@teklist.info,New Caledonia,215.222.251.182
798,Theresa,Watkins,twatkins@oozz.name,Guadeloupe,224.58.113.22
799,Daniel,Lawson,dlawson@zoozzy.org,Macedonia,214.135.173.233
800,Lillian,Wright,lwright@buzzdog.net,"Palestinian Territory, Occupied",244.205.198.103
801,Carolyn,Stone,cstone@rhynoodle.gov,Bolivia,101.168.202.249
802,Brian,Kelley,bkelley@browsebug.mil,Cambodia,177.156.139.188
803,Johnny,King,jking@jetpulse.net,Albania,37.195.66.115
804,Denise,Rice,drice@yabox.biz,Dominican Republic,193.87.130.143
805,Bobby,Jenkins,bjenkins@eire.com,Montenegro,55.246.119.83
806,Justin,Diaz,jdiaz@meetz.info,Burkina Faso,25.143.176.144
807,Anna,Evans,aevans@meetz.info,Paraguay,14.196.87.186
808,Gregory,Garrett,ggarrett@jatri.edu,Iran,251.2.20.185
809,Jane,Long,jlong@gigashots.edu,Thailand,248.89.88.170
810,Amanda,Burns,aburns@flipstorm.biz,Sri Lanka,226.190.61.141
811,Sandra,Thompson,sthompson@skinder.mil,Vietnam,174.92.64.212
812,Donald,Kim,dkim@eabox.org,Taiwan,208.47.249.58
813,Joseph,Carr,jcarr@edgeify.com,Micronesia,74.190.57.37
814,Diane,Cox,dcox@oyondu.net,Saint Kitts and Nevis,119.5.197.237
815,Donald,Carter,dcarter@demizz.com,Denmark,99.171.232.10
816,Michelle,Owens,mowens@vinte.mil,Bermuda,145.134.139.140
817,Charles,Campbell,ccampbell@kaymbo.net,Estonia,248.128.226.253
818,Stephanie,Oliver,soliver@eazzy.org,Australia,152.186.230.28
819,Debra,Mitchell,dmitchell@jabbertype.com,Montserrat,237.141.34.19
820,Catherine,Cooper,ccooper@quinu.com,Åland,206.158.117.188
821,Tammy,Lewis,tlewis@eadel.com,Hong Kong,172.58.203.231
822,Shawn,Arnold,sarnold@bubbletube.info,Ghana,153.37.84.127
823,Ashley,Gonzales,agonzales@skyndu.info,Papua New Guinea,86.10.49.107
824,Sean,Payne,spayne@quire.gov,Bangladesh,240.14.101.92
825,Frank,Andrews,fandrews@trunyx.com,Iraq,41.50.99.174
826,Jack,Montgomery,jmontgomery@oloo.name,Cook Islands,208.128.120.255
827,Joan,Dunn,jdunn@quimba.org,Papua New Guinea,163.121.23.229
828,Maria,Thomas,mthomas@divavu.edu,Myanmar,103.10.60.58
829,Linda,Ruiz,lruiz@feedfire.biz,Angola,29.11.118.179
830,Phyllis,Hansen,phansen@aibox.gov,Benin,119.169.23.129
831,Robin,Hunter,rhunter@blogtags.gov,Thailand,101.2.73.226
832,Amy,Allen,aallen@janyx.biz,Northern Mariana Islands,248.130.66.197
833,Michael,Brown,mbrown@fivespan.info,Aruba,114.16.84.181
834,Karen,Mccoy,kmccoy@quaxo.name,Latvia,62.93.101.138
835,Louise,Oliver,loliver@photolist.com,Nepal,146.230.224.23
836,Doris,Hudson,dhudson@edgeclub.net,Tokelau,216.70.71.58
837,Patricia,Ruiz,pruiz@avavee.mil,Lithuania,164.97.177.37
838,Laura,Turner,lturner@linktype.info,Austria,197.247.188.199
839,Harold,Fowler,hfowler@aimbu.name,Norway,161.120.36.250
840,Angela,Little,alittle@shuffletag.gov,Thailand,213.99.185.230
841,Brenda,Meyer,bmeyer@quimm.gov,Mayotte,55.104.79.40
842,Bonnie,Bowman,bbowman@skyba.net,Poland,194.105.146.120
843,Evelyn,Morris,emorris@quaxo.biz,Philippines,135.57.171.38
844,Ruby,Campbell,rcampbell@gabtune.info,Cayman Islands,30.18.211.54
845,Roy,Sullivan,rsullivan@fivespan.net,Ireland,35.239.136.95
846,Mark,Evans,mevans@linkbridge.org,Gabon,137.82.19.179
847,Nicholas,Coleman,ncoleman@livepath.gov,Norway,195.31.89.51
848,Tina,Stanley,tstanley@skippad.name,Armenia,130.184.131.201
849,Fred,Andrews,fandrews@jaxworks.com,Georgia,254.23.169.15
850,Aaron,Berry,aberry@avamm.gov,Albania,244.195.173.180
851,Carolyn,Ross,cross@brainbox.name,Kuwait,231.6.17.65
852,Jeffrey,Willis,jwillis@thoughtmix.name,French Southern Territories,34.106.187.43
853,Alice,Allen,aallen@browsezoom.info,Taiwan,9.112.17.54
854,Sean,Mccoy,smccoy@roodel.net,United Arab Emirates,111.244.15.102
855,Raymond,Jones,rjones@brightbean.org,Dominica,51.129.253.46
856,Martin,Howell,mhowell@devbug.biz,Jordan,226.142.62.0
857,Catherine,Gordon,cgordon@flipopia.biz,Israel,165.212.232.60
858,Alan,Edwards,aedwards@realcube.mil,Tonga,98.99.228.12
859,Judith,George,jgeorge@gabspot.mil,American Samoa,121.11.153.193
860,Jean,Franklin,jfranklin@devshare.biz,Oman,19.1.42.127
861,Fred,Andrews,fandrews@meedoo.com,Ghana,233.50.116.178
862,Jane,Peterson,jpeterson@pixonyx.mil,Burkina Faso,119.66.44.173
863,Rebecca,Daniels,rdaniels@pixoboo.mil,Serbia,95.205.182.72
864,Cheryl,Holmes,cholmes@oyoba.org,Georgia,117.16.40.81
865,Shirley,Schmidt,sschmidt@voolith.name,Bulgaria,254.232.88.139
866,Linda,Adams,ladams@twimbo.edu,Greece,123.142.29.204
867,Bruce,Campbell,bcampbell@devpoint.org,United Kingdom,183.24.45.114
868,Donald,Hicks,dhicks@zoomzone.gov,Greenland,188.131.202.19
869,Alan,Webb,awebb@brainlounge.mil,Mexico,249.161.13.210
870,Ronald,Parker,rparker@snaptags.com,Hong Kong,159.102.33.179
871,Earl,Gilbert,egilbert@meezzy.mil,Montserrat,33.61.129.177
872,Andrea,Williams,awilliams@tagopia.com,Hong Kong,195.146.90.18
873,Richard,Carr,rcarr@meembee.name,Palau,18.249.10.243
874,Lois,Ramos,lramos@jaxnation.gov,Micronesia,94.245.190.162
875,Brian,Weaver,bweaver@agimba.gov,Saudia Arabia,61.234.74.14
876,Sharon,George,sgeorge@skyba.gov,Zambia,149.177.33.210
877,Jose,Cole,jcole@mydeo.mil,Laos,176.35.100.125
878,Judith,Burke,jburke@edgepulse.org,Saint Lucia,143.23.194.157
879,Jessica,Morris,jmorris@oozz.biz,Laos,182.218.30.28
880,Sharon,Holmes,sholmes@thoughtbeat.biz,Cocos (Keeling) Island,26.139.206.103
881,Cheryl,Willis,cwillis@edgepulse.org,Puerto Rico,163.227.226.67
882,Scott,Porter,sporter@kwideo.net,Bhutan,148.83.252.88
883,Sarah,Long,slong@gevee.name,Paraguay,141.121.134.152
884,Helen,Tucker,htucker@nlounge.gov,Vatican City State (Holy See),130.19.186.29
885,Rachel,Carter,rcarter@photolist.net,Cameroon,229.82.18.124
886,Roger,Marshall,rmarshall@fiveclub.name,"Palestinian Territory, Occupied",117.134.121.200
887,Shirley,Ruiz,sruiz@gabcube.name,Canada,212.172.163.21
888,Christopher,Rice,crice@plambee.edu,Bahrain,82.103.173.152
889,John,Porter,jporter@quimba.org,Guernsey,79.13.231.181
890,Russell,Gonzalez,rgonzalez@brainfire.com,Algeria,137.242.82.59
891,Johnny,Rodriguez,jrodriguez@youfeed.info,Dominica,128.242.78.230
892,Joyce,Meyer,jmeyer@oyope.com,Armenia,248.217.77.217
893,Jacqueline,King,jking@youbridge.com,Papua New Guinea,227.73.13.34
894,Theresa,Freeman,tfreeman@camimbo.name,Saint Kitts and Nevis,22.102.132.137
895,Jeffrey,Cox,jcox@fliptune.mil,New Caledonia,81.165.254.205
896,Katherine,Richards,krichards@gigabox.net,Austria,171.214.28.246
897,Robert,Moreno,rmoreno@flashdog.biz,Trinidad and Tobago,64.32.214.184
898,Louise,Gibson,lgibson@zooxo.mil,Reunion,130.222.104.231
899,Craig,Sims,csims@vinder.edu,Guernsey,33.251.164.203
900,Steve,Jacobs,sjacobs@twimm.biz,Belgium,129.234.214.134
901,Joe,Knight,jknight@dynabox.name,French Polynesia,126.16.119.197
902,Tammy,Hamilton,thamilton@janyx.org,Rwanda,216.21.166.143
903,Louis,George,lgeorge@bubbletube.mil,Tajikistan,174.7.110.99
904,Bonnie,Spencer,bspencer@gabcube.edu,Liberia,195.252.110.193
905,Ryan,Carpenter,rcarpenter@reallinks.name,Serbia,1.97.134.194
906,Christopher,Hart,chart@podcat.gov,Panama,96.133.184.59
907,Judy,Lawson,jlawson@photobug.com,Malta,185.189.39.71
908,Teresa,Gilbert,tgilbert@brainverse.net,Belize,149.250.136.85
909,Shawn,Johnson,sjohnson@babbleset.mil,Samoa,98.115.168.188
910,Todd,Watson,twatson@gevee.biz,Iceland,242.3.50.29
911,Jane,Mills,jmills@wikivu.mil,Bahrain,225.69.127.58
912,Bobby,Frazier,bfrazier@bubbletube.biz,Armenia,117.33.156.67
913,Lori,Fields,lfields@rhynoodle.name,Timor-Leste,7.19.62.250
914,Earl,Garza,egarza@twitterbridge.info,Swaziland,111.238.134.73
915,Justin,Stevens,jstevens@yozio.mil,United Kingdom,150.37.52.9
916,Louise,Fields,lfields@trunyx.org,Angola,120.251.129.7
917,Bruce,Dean,bdean@fivebridge.gov,US Minor Outlying Islands,237.90.16.170
918,Angela,Hill,ahill@skyndu.mil,Paraguay,61.66.56.178
919,Louis,Payne,lpayne@zoovu.info,Singapore,197.98.166.129
920,Jean,Hernandez,jhernandez@rhybox.info,Djibouti,39.118.79.61
921,Phyllis,Mccoy,pmccoy@eamia.org,Guernsey,193.242.228.145
922,Lillian,Butler,lbutler@trupe.org,Qatar,149.149.115.121
923,Gregory,Wilson,gwilson@meevee.com,Kazakhstan,184.230.30.219
924,Carolyn,Lane,clane@babblestorm.name,Kuwait,240.208.245.254
925,Katherine,James,kjames@lazzy.net,"Palestinian Territory, Occupied",227.165.49.143
926,Timothy,Butler,tbutler@meembee.org,American Samoa,222.172.120.138
927,Andrew,Reed,areed@agimba.biz,Saudia Arabia,54.156.31.103
928,Jacqueline,Carter,jcarter@janyx.gov,Spain,131.8.47.136
929,Arthur,Barnes,abarnes@eare.biz,Qatar,250.170.51.10
930,Anna,Meyer,ameyer@voonte.info,Saint Helena,222.165.114.248
931,Carol,Graham,cgraham@katz.info,Vanuatu,34.15.164.121
932,Phyllis,Kennedy,pkennedy@linklinks.info,Cuba,100.217.15.180
933,Mark,Chavez,mchavez@gigashots.org,"Korea, South",214.82.220.104
934,Samuel,Davis,sdavis@edgeclub.com,Guatemala,71.207.47.204
935,Daniel,Olson,dolson@oyope.net,Cameroon,152.14.6.199
936,Lillian,Fuller,lfuller@browsecat.com,Rwanda,176.70.187.221
937,Martha,Black,mblack@yodel.org,Macau,245.195.87.189
938,Johnny,Austin,jaustin@skiptube.biz,Senegal,141.177.117.4
939,Jeremy,Lawson,jlawson@skidoo.biz,New Caledonia,199.22.167.185
940,Fred,Scott,fscott@livez.info,Croatia,181.67.17.199
941,Jonathan,Kelly,jkelly@trudoo.com,Mali,67.88.91.138
942,Ruby,White,rwhite@bluejam.gov,Sudan,107.164.150.199
943,Brandon,Romero,bromero@yabox.org,Cote d'Ivoire,61.165.37.34
944,Larry,Jones,ljones@roodel.edu,Bosnia and Herzegovina,142.73.35.15
945,Adam,Wallace,awallace@jabberbean.mil,Serbia,2.8.174.196
946,Diane,Wallace,dwallace@zooxo.mil,Albania,214.89.149.74
947,Chris,Lawrence,clawrence@jazzy.mil,Mauritania,10.184.254.65
948,Brandon,Woods,bwoods@edgewire.net,Gibraltar,120.208.152.227
949,Alan,Hanson,ahanson@dynava.edu,Hungary,162.13.5.171
950,Ruth,Reed,rreed@thoughtstorm.org,Ireland,54.190.6.90
951,Bobby,Simpson,bsimpson@podcat.net,Turkey,21.180.251.15
952,Jessica,Willis,jwillis@zoomzone.org,Norway,207.15.156.140
953,Billy,Moreno,bmoreno@shuffledrive.edu,Andorra,230.23.139.202
954,Keith,Robinson,krobinson@quamba.biz,Japan,96.174.199.127
955,Janet,Bishop,jbishop@twitterbeat.com,British Virgin Islands,86.116.29.242
956,Gloria,Hayes,ghayes@midel.mil,Singapore,75.57.121.35
957,Walter,Perry,wperry@yata.net,Lebanon,52.101.49.175
958,Roger,Gordon,rgordon@jetpulse.mil,Pitcairn Island,222.205.17.101
959,Aaron,Rodriguez,arodriguez@izio.edu,Netherlands Antilles,133.230.32.125
960,Margaret,Russell,mrussell@brainsphere.info,Serbia,119.122.85.64
961,Teresa,Alexander,talexander@edgewire.edu,Haiti,83.83.200.240
962,Angela,Gilbert,agilbert@youtags.edu,Austria,130.225.14.77
963,Benjamin,Thompson,bthompson@fadeo.edu,China,60.63.217.223
964,Judy,Mccoy,jmccoy@riffpath.com,French Polynesia,222.16.171.107
965,Howard,Holmes,hholmes@quinu.net,Cote d'Ivoire,36.8.71.66
966,Daniel,Fox,dfox@abatz.com,Cameroon,239.24.197.76
967,Sandra,Griffin,sgriffin@quinu.net,Dominica,247.146.156.225
968,Jessica,Elliott,jelliott@twitterlist.com,Micronesia,167.104.49.121
969,Lawrence,Morales,lmorales@abatz.name,New Caledonia,73.246.129.120
970,Phillip,Ryan,pryan@skimia.edu,Guadeloupe,174.59.97.114
971,Philip,Spencer,pspencer@realbuzz.com,Pakistan,60.162.31.8
972,Kathleen,Marshall,kmarshall@realblab.net,Macau,78.186.166.121
973,Christopher,Dunn,cdunn@yambee.com,Cuba,4.203.24.118
974,David,Larson,dlarson@eire.info,Nigeria,59.149.45.77
975,Patricia,Hanson,phanson@blogpad.mil,Norway,208.203.10.179
976,Gloria,Gutierrez,ggutierrez@trilith.biz,Luxembourg,153.41.166.113
977,Brenda,Rodriguez,brodriguez@oyondu.net,Saudia Arabia,255.192.87.39
978,Antonio,Dean,adean@skippad.biz,Macau,188.37.244.23
979,Kevin,Morris,kmorris@voolith.mil,Cayman Islands,24.16.220.148
980,Gloria,Hamilton,ghamilton@twitterlist.com,Bolivia,165.115.72.237
981,Timothy,Bennett,tbennett@quinu.mil,Montserrat,24.16.10.247
982,Jack,Willis,jwillis@meejo.net,Bouvet Island,175.37.155.9
983,Sarah,Peters,speters@skinte.org,Greenland,113.111.30.176
984,Mark,Cole,mcole@jabbersphere.net,Burkina Faso,120.134.237.195
985,Ann,Hernandez,ahernandez@yakijo.info,Ukraine,97.50.115.155
986,Bobby,James,bjames@dabtype.info,Swaziland,20.171.65.198
987,Bonnie,Kelly,bkelly@bluezoom.biz,Micronesia,156.112.121.47
988,Steve,Freeman,sfreeman@devcast.info,Netherlands,83.80.34.48
989,Lawrence,Garza,lgarza@brainbox.net,Estonia,254.229.39.134
990,Julia,Morris,jmorris@jaloo.com,Maldives,143.169.157.0
991,Katherine,Brooks,kbrooks@meejo.biz,Western Sahara,19.69.26.190
992,Robin,Anderson,randerson@photobean.gov,Tonga,255.165.229.183
993,Jeffrey,Ford,jford@jumpxs.biz,San Marino,196.176.73.127
994,William,Pierce,wpierce@skynoodle.com,Azerbaijan,229.117.11.157
995,Michelle,Bryant,mbryant@vitz.net,Equatorial Guinea,46.30.182.50
996,Jeffrey,Bradley,jbradley@trudoo.com,Svalbard and Jan Mayen Islands,127.184.216.216
997,Julie,Nichols,jnichols@teklist.gov,Marshall Islands,46.138.136.168
998,Marie,Garza,mgarza@digitube.net,British Virgin Islands,42.230.254.144
999,Janet,Moore,jmoore@wordware.net,Japan,172.71.245.202
1000,Anne,Lawrence,alawrence@oyoyo.com,Sweden,1.92.120.41
